city,date,average,minimum,maximum
Hoorn,20150101,59,52,68
Hoorn,20150102,77,65,105
Hoorn,20150103,63,55,72
Hoorn,20150104,55,24,79
Hoorn,20150105,51,31,63
Hoorn,20150106,46,30,73
Hoorn,20150107,51,14,71
Hoorn,20150108,69,48,85
Hoorn,20150109,84,59,107
Hoorn,20150110,83,54,111
Hoorn,20150111,64,24,76
Hoorn,20150112,77,51,91
Hoorn,20150113,65,17,91
Hoorn,20150114,45,27,59
Hoorn,20150115,69,49,85
Hoorn,20150116,59,40,77
Hoorn,20150117,37,5,58
Hoorn,20150118,31,9,42
Hoorn,20150119,18,-24,68
Hoorn,20150120,19,10,35
Hoorn,20150121,6,-1,20
Hoorn,20150122,0,-23,21
Hoorn,20150123,1,-18,28
Hoorn,20150124,43,-1,68
Hoorn,20150125,53,41,65
Hoorn,20150126,59,45,77
Hoorn,20150127,56,17,76
Hoorn,20150128,51,32,62
Hoorn,20150129,25,3,45
Hoorn,20150130,20,-21,50
Hoorn,20150131,22,-5,56
Hoorn,20150201,35,15,63
Hoorn,20150202,35,15,59
Hoorn,20150203,39,17,61
Hoorn,20150204,19,-10,40
Hoorn,20150205,3,-17,14
Hoorn,20150206,4,-32,26
Hoorn,20150207,46,-17,65
Hoorn,20150208,57,50,69
Hoorn,20150209,61,55,72
Hoorn,20150210,60,50,71
Hoorn,20150211,41,32,55
Hoorn,20150212,30,24,39
Hoorn,20150213,43,21,64
Hoorn,20150214,50,31,75
Hoorn,20150215,21,6,35
Hoorn,20150216,4,-22,26
Hoorn,20150217,35,-5,75
Hoorn,20150218,41,-4,75
Hoorn,20150219,39,22,53
Hoorn,20150220,44,35,63
Hoorn,20150221,34,11,61
Hoorn,20150222,34,-2,64
Hoorn,20150223,52,21,74
Hoorn,20150224,55,39,78
Hoorn,20150225,39,1,63
Hoorn,20150226,50,22,67
Hoorn,20150227,45,5,72
Hoorn,20150228,49,26,63
Hoorn,20150301,68,52,83
Hoorn,20150302,51,32,75
Hoorn,20150303,39,18,63
Hoorn,20150304,55,37,76
Hoorn,20150305,61,42,86
Hoorn,20150306,66,55,86
Hoorn,20150307,74,58,93
Hoorn,20150308,74,52,96
Hoorn,20150309,64,5,89
Hoorn,20150310,65,32,87
Hoorn,20150311,43,-20,89
Hoorn,20150312,63,33,104
Hoorn,20150313,38,13,64
Hoorn,20150314,46,26,57
Hoorn,20150315,55,39,78
Hoorn,20150316,72,51,114
Hoorn,20150317,67,32,130
Hoorn,20150318,62,27,88
Hoorn,20150319,65,45,88
Hoorn,20150320,50,42,63
Hoorn,20150321,61,42,90
Hoorn,20150322,37,-1,58
Hoorn,20150323,54,31,82
Hoorn,20150324,66,54,88
Hoorn,20150325,53,46,61
Hoorn,20150326,52,11,70
Hoorn,20150327,59,6,86
Hoorn,20150328,67,5,88
Hoorn,20150329,76,55,91
Hoorn,20150330,67,54,82
Hoorn,20150331,73,40,96
Hoorn,20150401,58,30,79
Hoorn,20150402,57,19,78
Hoorn,20150403,58,17,90
Hoorn,20150404,54,35,79
Hoorn,20150405,59,22,82
Hoorn,20150406,67,15,114
Hoorn,20150407,59,6,94
Hoorn,20150408,73,50,102
Hoorn,20150409,75,40,124
Hoorn,20150410,83,29,129
Hoorn,20150411,90,59,121
Hoorn,20150412,90,66,115
Hoorn,20150413,74,38,104
Hoorn,20150414,105,76,129
Hoorn,20150415,103,68,145
Hoorn,20150416,73,39,106
Hoorn,20150417,74,51,98
Hoorn,20150418,74,57,95
Hoorn,20150419,81,49,119
Hoorn,20150420,82,37,119
Hoorn,20150421,79,61,99
Hoorn,20150422,81,68,105
Hoorn,20150423,67,9,103
Hoorn,20150424,95,7,135
Hoorn,20150425,106,89,114
Hoorn,20150426,68,27,91
Hoorn,20150427,52,-19,89
Hoorn,20150428,68,-24,101
Hoorn,20150429,88,58,126
Hoorn,20150430,85,54,119
Hoorn,20150501,77,48,103
Hoorn,20150502,72,18,105
Hoorn,20150503,102,58,136
Hoorn,20150504,125,102,150
Hoorn,20150505,140,118,182
Hoorn,20150506,120,94,145
Hoorn,20150507,104,72,130
Hoorn,20150508,127,76,160
Hoorn,20150509,117,87,141
Hoorn,20150510,117,76,157
Hoorn,20150511,149,120,194
Hoorn,20150512,121,90,156
Hoorn,20150513,107,83,133
Hoorn,20150514,87,57,104
Hoorn,20150515,77,27,101
Hoorn,20150516,104,53,133
Hoorn,20150517,111,90,135
Hoorn,20150518,106,84,126
Hoorn,20150519,100,57,128
Hoorn,20150520,96,42,128
Hoorn,20150521,116,85,144
Hoorn,20150522,135,110,167
Hoorn,20150523,102,74,123
Hoorn,20150524,109,36,150
Hoorn,20150525,107,90,132
Hoorn,20150526,101,54,128
Hoorn,20150527,124,84,165
Hoorn,20150528,120,91,144
Hoorn,20150529,115,87,144
Hoorn,20150530,104,54,138
Hoorn,20150531,118,90,138
Hoorn,20150601,122,84,153
Hoorn,20150602,137,115,154
Hoorn,20150603,121,52,155
Hoorn,20150604,131,32,184
Hoorn,20150605,175,120,243
Hoorn,20150606,141,114,166
Hoorn,20150607,119,64,153
Hoorn,20150608,116,95,139
Hoorn,20150609,108,91,131
Hoorn,20150610,124,92,152
Hoorn,20150611,134,84,175
Hoorn,20150612,174,117,233
Hoorn,20150613,151,125,185
Hoorn,20150614,122,95,141
Hoorn,20150615,114,85,145
Hoorn,20150616,116,51,151
Hoorn,20150617,146,92,179
Hoorn,20150618,131,114,156
Hoorn,20150619,125,106,155
Hoorn,20150620,127,106,154
Hoorn,20150621,135,99,181
Hoorn,20150622,122,80,153
Hoorn,20150623,122,109,143
Hoorn,20150624,137,87,182
Hoorn,20150625,165,128,207
Hoorn,20150626,172,121,217
Hoorn,20150627,150,82,186
Hoorn,20150628,153,77,201
Hoorn,20150629,158,92,200
Hoorn,20150630,182,86,235
Hoorn,20150701,230,151,301
Hoorn,20150702,230,185,314
Hoorn,20150703,203,164,242
Hoorn,20150704,211,154,275
Hoorn,20150705,183,139,229
Hoorn,20150706,168,130,195
Hoorn,20150707,188,137,233
Hoorn,20150708,152,125,184
Hoorn,20150709,132,86,163
Hoorn,20150710,160,101,197
Hoorn,20150711,183,132,236
Hoorn,20150712,168,139,197
Hoorn,20150713,167,112,200
Hoorn,20150714,157,104,177
Hoorn,20150715,158,111,190
Hoorn,20150716,170,153,201
Hoorn,20150717,187,154,221
Hoorn,20150718,164,120,196
Hoorn,20150719,156,102,194
Hoorn,20150720,169,85,210
Hoorn,20150721,187,167,217
Hoorn,20150722,181,153,211
Hoorn,20150723,157,109,194
Hoorn,20150724,172,93,205
Hoorn,20150725,159,128,213
Hoorn,20150726,148,125,190
Hoorn,20150727,160,135,184
Hoorn,20150728,153,134,183
Hoorn,20150729,137,118,163
Hoorn,20150730,140,120,166
Hoorn,20150731,139,79,173
Hoorn,20150801,156,114,191
Hoorn,20150802,178,125,217
Hoorn,20150803,194,149,248
Hoorn,20150804,177,160,197
Hoorn,20150805,184,160,216
Hoorn,20150806,193,131,257
Hoorn,20150807,178,113,220
Hoorn,20150808,157,102,186
Hoorn,20150809,175,103,219
Hoorn,20150810,188,151,224
Hoorn,20150811,183,149,210
Hoorn,20150812,169,146,196
Hoorn,20150813,191,145,222
Hoorn,20150814,201,177,238
Hoorn,20150815,186,166,207
Hoorn,20150816,156,133,171
Hoorn,20150817,166,135,181
Hoorn,20150818,168,152,184
Hoorn,20150819,173,140,199
Hoorn,20150820,190,153,224
Hoorn,20150821,199,171,232
Hoorn,20150822,210,168,249
Hoorn,20150823,201,170,238
Hoorn,20150824,178,142,211
Hoorn,20150825,169,144,190
Hoorn,20150826,187,161,209
Hoorn,20150827,165,141,180
Hoorn,20150828,165,113,194
Hoorn,20150829,169,147,201
Hoorn,20150830,175,137,205
Hoorn,20150831,179,160,196
Hoorn,20150901,156,137,178
Hoorn,20150902,143,118,175
Hoorn,20150903,133,107,161
Hoorn,20150904,149,133,177
Hoorn,20150905,139,117,160
Hoorn,20150906,136,113,160
Hoorn,20150907,146,133,169
Hoorn,20150908,140,96,166
Hoorn,20150909,136,73,175
Hoorn,20150910,145,116,173
Hoorn,20150911,148,116,175
Hoorn,20150912,147,114,175
Hoorn,20150913,160,142,176
Hoorn,20150914,155,132,193
Hoorn,20150915,134,114,155
Hoorn,20150916,142,117,168
Hoorn,20150917,149,125,174
Hoorn,20150918,140,93,174
Hoorn,20150919,142,79,170
Hoorn,20150920,141,98,173
Hoorn,20150921,149,120,176
Hoorn,20150922,123,54,161
Hoorn,20150923,120,48,167
Hoorn,20150924,133,91,149
Hoorn,20150925,120,78,165
Hoorn,20150926,112,62,162
Hoorn,20150927,116,53,162
Hoorn,20150928,123,57,165
Hoorn,20150929,122,73,167
Hoorn,20150930,122,88,163
Hoorn,20151001,114,71,164
Hoorn,20151002,114,35,156
Hoorn,20151003,115,75,150
Hoorn,20151004,122,62,172
Hoorn,20151005,135,102,164
Hoorn,20151006,140,126,154
Hoorn,20151007,151,143,168
Hoorn,20151008,135,120,154
Hoorn,20151009,129,99,155
Hoorn,20151010,112,74,137
Hoorn,20151011,77,54,99
Hoorn,20151012,63,42,85
Hoorn,20151013,71,45,99
Hoorn,20151014,76,52,97
Hoorn,20151015,81,29,110
Hoorn,20151016,94,75,116
Hoorn,20151017,94,61,107
Hoorn,20151018,111,73,132
Hoorn,20151019,119,103,144
Hoorn,20151020,107,67,135
Hoorn,20151021,105,56,125
Hoorn,20151022,126,96,145
Hoorn,20151023,105,58,136
Hoorn,20151024,113,106,122
Hoorn,20151025,100,57,136
Hoorn,20151026,100,77,138
Hoorn,20151027,86,75,98
Hoorn,20151028,86,68,100
Hoorn,20151029,102,81,118
Hoorn,20151030,98,61,121
Hoorn,20151031,86,48,117
Hoorn,20151101,92,40,116
Hoorn,20151102,74,67,87
Hoorn,20151103,85,56,121
Hoorn,20151104,105,70,122
Hoorn,20151105,117,108,129
Hoorn,20151106,131,120,148
Hoorn,20151107,137,105,154
Hoorn,20151108,116,50,144
Hoorn,20151109,123,96,147
Hoorn,20151110,141,135,150
Hoorn,20151111,135,129,140
Hoorn,20151112,127,113,141
Hoorn,20151113,107,58,132
Hoorn,20151114,94,70,126
Hoorn,20151115,136,125,145
Hoorn,20151116,120,100,143
Hoorn,20151117,118,96,143
Hoorn,20151118,116,88,130
Hoorn,20151119,108,80,126
Hoorn,20151120,76,41,104
Hoorn,20151121,57,17,75
Hoorn,20151122,53,16,72
Hoorn,20151123,52,16,70
Hoorn,20151124,60,49,77
Hoorn,20151125,73,49,87
Hoorn,20151126,69,37,99
Hoorn,20151127,68,64,73
Hoorn,20151128,74,61,99
Hoorn,20151129,95,68,111
Hoorn,20151130,79,56,116
Hoorn,20151201,87,59,116
Hoorn,20151202,100,94,114
Hoorn,20151203,90,82,99
Hoorn,20151204,92,80,102
Hoorn,20151205,94,89,103
Hoorn,20151206,101,80,115
Hoorn,20151207,90,61,98
Hoorn,20151208,92,83,99
Hoorn,20151209,84,71,94
Hoorn,20151210,79,71,85
Hoorn,20151211,80,68,93
Hoorn,20151212,81,57,115
Hoorn,20151213,66,21,94
Hoorn,20151214,67,57,74
Hoorn,20151215,62,38,75
Hoorn,20151216,89,66,109
Hoorn,20151217,102,92,111
Hoorn,20151218,98,87,110
Hoorn,20151219,102,90,110
Hoorn,20151220,104,96,112
Hoorn,20151221,96,87,119
Hoorn,20151222,109,88,119
Hoorn,20151223,95,83,117
Hoorn,20151224,88,75,111
Hoorn,20151225,86,67,116
Hoorn,20151226,114,108,120
Hoorn,20151227,98,79,113
Hoorn,20151228,95,84,102
Hoorn,20151229,78,62,87
Hoorn,20151230,72,58,86
Hoorn,20151231,76,60,98
Twenthe,20150101,27,6,42
Twenthe,20150102,59,34,86
Twenthe,20150103,34,22,44
Twenthe,20150104,29,0,70
Twenthe,20150105,21,1,40
Twenthe,20150106,34,18,53
Twenthe,20150107,38,14,64
Twenthe,20150108,56,27,77
Twenthe,20150109,85,55,132
Twenthe,20150110,93,38,131
Twenthe,20150111,47,25,64
Twenthe,20150112,76,59,96
Twenthe,20150113,82,63,99
Twenthe,20150114,38,23,66
Twenthe,20150115,77,42,96
Twenthe,20150116,52,26,77
Twenthe,20150117,22,-13,55
Twenthe,20150118,19,4,33
Twenthe,20150119,9,2,21
Twenthe,20150120,6,-5,20
Twenthe,20150121,-10,-26,17
Twenthe,20150122,-11,-36,4
Twenthe,20150123,-14,-31,2
Twenthe,20150124,5,-15,38
Twenthe,20150125,17,-19,33
Twenthe,20150126,40,26,67
Twenthe,20150127,41,16,65
Twenthe,20150128,40,20,61
Twenthe,20150129,12,2,32
Twenthe,20150130,6,0,20
Twenthe,20150131,11,-8,27
Twenthe,20150201,9,-6,26
Twenthe,20150202,12,-9,43
Twenthe,20150203,6,-33,39
Twenthe,20150204,-15,-54,30
Twenthe,20150205,-15,-44,10
Twenthe,20150206,-14,-46,21
Twenthe,20150207,2,-68,43
Twenthe,20150208,37,9,51
Twenthe,20150209,56,46,71
Twenthe,20150210,53,43,66
Twenthe,20150211,31,-28,46
Twenthe,20150212,12,-20,28
Twenthe,20150213,36,-13,92
Twenthe,20150214,61,22,104
Twenthe,20150215,13,-11,51
Twenthe,20150216,17,-26,81
Twenthe,20150217,14,-38,53
Twenthe,20150218,7,-23,45
Twenthe,20150219,27,-2,51
Twenthe,20150220,48,17,60
Twenthe,20150221,30,2,57
Twenthe,20150222,18,-14,41
Twenthe,20150223,41,11,81
Twenthe,20150224,45,23,73
Twenthe,20150225,44,6,87
Twenthe,20150226,65,34,98
Twenthe,20150227,47,-11,87
Twenthe,20150228,42,-13,83
Twenthe,20150301,74,46,112
Twenthe,20150302,44,14,89
Twenthe,20150303,30,11,56
Twenthe,20150304,39,12,74
Twenthe,20150305,46,-1,92
Twenthe,20150306,55,31,87
Twenthe,20150307,80,33,126
Twenthe,20150308,97,35,168
Twenthe,20150309,81,33,117
Twenthe,20150310,74,-10,123
Twenthe,20150311,21,-23,86
Twenthe,20150312,44,-44,117
Twenthe,20150313,33,-20,84
Twenthe,20150314,34,-18,53
Twenthe,20150315,53,40,75
Twenthe,20150316,71,21,126
Twenthe,20150317,79,-2,164
Twenthe,20150318,73,-13,163
Twenthe,20150319,50,-13,92
Twenthe,20150320,24,-19,77
Twenthe,20150321,56,29,96
Twenthe,20150322,32,-25,77
Twenthe,20150323,40,-30,112
Twenthe,20150324,50,-31,114
Twenthe,20150325,61,42,84
Twenthe,20150326,53,34,86
Twenthe,20150327,63,27,91
Twenthe,20150328,70,-5,112
Twenthe,20150329,89,65,109
Twenthe,20150330,63,29,93
Twenthe,20150331,73,36,107
Twenthe,20150401,50,16,80
Twenthe,20150402,50,26,86
Twenthe,20150403,58,19,102
Twenthe,20150404,42,-15,94
Twenthe,20150405,50,-28,118
Twenthe,20150406,60,-10,116
Twenthe,20150407,71,-11,130
Twenthe,20150408,89,54,137
Twenthe,20150409,110,21,190
Twenthe,20150410,121,31,204
Twenthe,20150411,100,42,164
Twenthe,20150412,103,38,152
Twenthe,20150413,77,20,134
Twenthe,20150414,116,21,208
Twenthe,20150415,144,68,229
Twenthe,20150416,93,64,134
Twenthe,20150417,75,20,132
Twenthe,20150418,79,-9,149
Twenthe,20150419,77,-14,149
Twenthe,20150420,107,27,190
Twenthe,20150421,95,7,193
Twenthe,20150422,82,17,141
Twenthe,20150423,84,13,156
Twenthe,20150424,121,12,204
Twenthe,20150425,118,72,155
Twenthe,20150426,111,67,165
Twenthe,20150427,79,-4,137
Twenthe,20150428,51,-28,117
Twenthe,20150429,96,15,141
Twenthe,20150430,93,32,144
Twenthe,20150501,77,20,135
Twenthe,20150502,88,-1,154
Twenthe,20150503,132,56,188
Twenthe,20150504,155,113,197
Twenthe,20150505,159,94,245
Twenthe,20150506,122,96,173
Twenthe,20150507,111,61,159
Twenthe,20150508,132,64,190
Twenthe,20150509,138,91,170
Twenthe,20150510,127,68,178
Twenthe,20150511,177,95,252
Twenthe,20150512,145,91,207
Twenthe,20150513,120,44,185
Twenthe,20150514,99,45,149
Twenthe,20150515,95,34,158
Twenthe,20150516,84,28,141
Twenthe,20150517,107,30,167
Twenthe,20150518,116,18,173
Twenthe,20150519,102,57,147
Twenthe,20150520,97,53,152
Twenthe,20150521,108,43,171
Twenthe,20150522,142,52,205
Twenthe,20150523,117,54,155
Twenthe,20150524,125,13,197
Twenthe,20150525,124,91,169
Twenthe,20150526,104,46,145
Twenthe,20150527,134,82,178
Twenthe,20150528,121,39,168
Twenthe,20150529,115,34,171
Twenthe,20150530,101,30,160
Twenthe,20150531,131,39,189
Twenthe,20150601,124,74,168
Twenthe,20150602,155,123,188
Twenthe,20150603,141,65,183
Twenthe,20150604,155,45,219
Twenthe,20150605,227,130,319
Twenthe,20150606,164,64,211
Twenthe,20150607,136,44,206
Twenthe,20150608,114,39,184
Twenthe,20150609,116,44,169
Twenthe,20150610,154,70,219
Twenthe,20150611,173,82,241
Twenthe,20150612,207,102,278
Twenthe,20150613,190,158,223
Twenthe,20150614,148,117,177
Twenthe,20150615,127,53,185
Twenthe,20150616,98,27,156
Twenthe,20150617,152,30,218
Twenthe,20150618,149,109,191
Twenthe,20150619,119,96,157
Twenthe,20150620,120,86,150
Twenthe,20150621,135,96,174
Twenthe,20150622,116,82,155
Twenthe,20150623,114,63,142
Twenthe,20150624,144,102,201
Twenthe,20150625,183,95,246
Twenthe,20150626,201,138,253
Twenthe,20150627,176,99,225
Twenthe,20150628,168,74,220
Twenthe,20150629,187,118,247
Twenthe,20150630,201,97,266
Twenthe,20150701,250,154,319
Twenthe,20150702,272,195,361
Twenthe,20150703,245,182,300
Twenthe,20150704,265,185,343
Twenthe,20150705,205,153,298
Twenthe,20150706,185,131,241
Twenthe,20150707,214,124,286
Twenthe,20150708,158,124,184
Twenthe,20150709,125,52,177
Twenthe,20150710,151,48,224
Twenthe,20150711,205,133,279
Twenthe,20150712,172,144,202
Twenthe,20150713,169,158,195
Twenthe,20150714,182,134,231
Twenthe,20150715,179,123,221
Twenthe,20150716,196,153,250
Twenthe,20150717,231,168,296
Twenthe,20150718,181,114,237
Twenthe,20150719,158,116,198
Twenthe,20150720,180,80,236
Twenthe,20150721,211,145,260
Twenthe,20150722,193,135,252
Twenthe,20150723,172,108,225
Twenthe,20150724,191,119,257
Twenthe,20150725,154,114,209
Twenthe,20150726,150,95,215
Twenthe,20150727,160,132,192
Twenthe,20150728,154,132,200
Twenthe,20150729,135,106,166
Twenthe,20150730,139,89,193
Twenthe,20150731,134,76,193
Twenthe,20150801,157,70,233
Twenthe,20150802,179,72,246
Twenthe,20150803,239,154,322
Twenthe,20150804,170,104,199
Twenthe,20150805,182,83,250
Twenthe,20150806,223,147,316
Twenthe,20150807,208,145,267
Twenthe,20150808,183,119,230
Twenthe,20150809,179,96,236
Twenthe,20150810,173,130,212
Twenthe,20150811,192,110,255
Twenthe,20150812,191,154,229
Twenthe,20150813,218,148,276
Twenthe,20150814,212,171,266
Twenthe,20150815,200,163,260
Twenthe,20150816,151,133,163
Twenthe,20150817,147,133,157
Twenthe,20150818,141,98,168
Twenthe,20150819,156,97,222
Twenthe,20150820,171,101,241
Twenthe,20150821,187,115,254
Twenthe,20150822,200,131,259
Twenthe,20150823,203,147,255
Twenthe,20150824,190,154,244
Twenthe,20150825,162,140,200
Twenthe,20150826,211,156,263
Twenthe,20150827,161,135,195
Twenthe,20150828,153,98,211
Twenthe,20150829,168,78,240
Twenthe,20150830,198,143,252
Twenthe,20150831,227,182,293
Twenthe,20150901,156,112,192
Twenthe,20150902,131,98,184
Twenthe,20150903,126,68,184
Twenthe,20150904,133,103,175
Twenthe,20150905,126,95,169
Twenthe,20150906,126,94,160
Twenthe,20150907,141,121,178
Twenthe,20150908,132,74,170
Twenthe,20150909,120,56,181
Twenthe,20150910,137,84,186
Twenthe,20150911,139,78,193
Twenthe,20150912,155,102,211
Twenthe,20150913,171,153,191
Twenthe,20150914,157,113,201
Twenthe,20150915,128,96,170
Twenthe,20150916,153,116,179
Twenthe,20150917,149,118,170
Twenthe,20150918,137,103,184
Twenthe,20150919,134,92,178
Twenthe,20150920,130,79,174
Twenthe,20150921,142,110,183
Twenthe,20150922,124,107,148
Twenthe,20150923,131,94,176
Twenthe,20150924,127,102,162
Twenthe,20150925,121,57,167
Twenthe,20150926,99,41,169
Twenthe,20150927,104,29,167
Twenthe,20150928,116,62,170
Twenthe,20150929,107,44,163
Twenthe,20150930,112,66,171
Twenthe,20151001,95,17,165
Twenthe,20151002,99,14,177
Twenthe,20151003,110,38,187
Twenthe,20151004,120,52,185
Twenthe,20151005,141,83,191
Twenthe,20151006,150,126,181
Twenthe,20151007,148,128,175
Twenthe,20151008,134,116,150
Twenthe,20151009,124,102,155
Twenthe,20151010,95,43,131
Twenthe,20151011,56,18,104
Twenthe,20151012,43,5,84
Twenthe,20151013,34,9,53
Twenthe,20151014,41,27,46
Twenthe,20151015,63,43,75
Twenthe,20151016,67,61,76
Twenthe,20151017,73,44,90
Twenthe,20151018,63,32,77
Twenthe,20151019,80,43,118
Twenthe,20151020,85,47,126
Twenthe,20151021,95,60,117
Twenthe,20151022,112,78,138
Twenthe,20151023,105,69,150
Twenthe,20151024,112,102,129
Twenthe,20151025,95,32,138
Twenthe,20151026,105,55,149
Twenthe,20151027,95,59,156
Twenthe,20151028,81,31,114
Twenthe,20151029,110,50,150
Twenthe,20151030,97,34,148
Twenthe,20151031,91,43,150
Twenthe,20151101,74,22,155
Twenthe,20151102,44,16,89
Twenthe,20151103,67,-16,154
Twenthe,20151104,117,34,174
Twenthe,20151105,134,101,150
Twenthe,20151106,148,135,166
Twenthe,20151107,165,148,184
Twenthe,20151108,137,102,171
Twenthe,20151109,135,117,162
Twenthe,20151110,136,129,146
Twenthe,20151111,121,110,132
Twenthe,20151112,128,114,149
Twenthe,20151113,110,67,138
Twenthe,20151114,81,60,97
Twenthe,20151115,131,96,146
Twenthe,20151116,121,110,131
Twenthe,20151117,131,101,154
Twenthe,20151118,121,98,134
Twenthe,20151119,106,77,132
Twenthe,20151120,68,37,88
Twenthe,20151121,36,9,50
Twenthe,20151122,20,-6,49
Twenthe,20151123,29,-28,64
Twenthe,20151124,25,10,34
Twenthe,20151125,49,19,77
Twenthe,20151126,25,-19,83
Twenthe,20151127,41,6,67
Twenthe,20151128,58,34,73
Twenthe,20151129,91,64,120
Twenthe,20151130,83,58,119
Twenthe,20151201,85,46,114
Twenthe,20151202,104,83,114
Twenthe,20151203,91,74,103
Twenthe,20151204,87,73,99
Twenthe,20151205,74,64,82
Twenthe,20151206,95,65,114
Twenthe,20151207,101,82,115
Twenthe,20151208,106,67,137
Twenthe,20151209,69,53,102
Twenthe,20151210,55,35,74
Twenthe,20151211,60,42,78
Twenthe,20151212,65,37,111
Twenthe,20151213,59,20,107
Twenthe,20151214,70,43,103
Twenthe,20151215,62,38,82
Twenthe,20151216,103,73,124
Twenthe,20151217,132,121,147
Twenthe,20151218,118,105,136
Twenthe,20151219,123,104,140
Twenthe,20151220,121,113,131
Twenthe,20151221,104,93,120
Twenthe,20151222,122,101,138
Twenthe,20151223,101,71,128
Twenthe,20151224,100,60,133
Twenthe,20151225,92,67,129
Twenthe,20151226,126,104,140
Twenthe,20151227,113,95,127
Twenthe,20151228,92,44,122
Twenthe,20151229,79,42,106
Twenthe,20151230,66,40,96
Twenthe,20151231,70,40,101
Maastricht,20150101,20,-15,51
Maastricht,20150102,51,23,83
Maastricht,20150103,24,4,34
Maastricht,20150104,24,-2,56
Maastricht,20150105,12,-15,40
Maastricht,20150106,16,-20,49
Maastricht,20150107,30,11,58
Maastricht,20150108,61,37,90
Maastricht,20150109,94,58,135
Maastricht,20150110,98,34,138
Maastricht,20150111,44,24,62
Maastricht,20150112,75,59,86
Maastricht,20150113,84,61,107
Maastricht,20150114,40,20,76
Maastricht,20150115,82,59,101
Maastricht,20150116,55,34,77
Maastricht,20150117,21,-7,52
Maastricht,20150118,26,-1,54
Maastricht,20150119,-2,-24,13
Maastricht,20150120,6,-12,34
Maastricht,20150121,-3,-25,25
Maastricht,20150122,-7,-18,2
Maastricht,20150123,-12,-28,0
Maastricht,20150124,6,-13,28
Maastricht,20150125,12,-20,24
Maastricht,20150126,37,17,69
Maastricht,20150127,34,11,53
Maastricht,20150128,41,14,64
Maastricht,20150129,26,3,55
Maastricht,20150130,12,-3,36
Maastricht,20150131,15,-1,34
Maastricht,20150201,16,1,27
Maastricht,20150202,11,-1,23
Maastricht,20150203,8,-9,29
Maastricht,20150204,0,-41,42
Maastricht,20150205,-18,-52,0
Maastricht,20150206,-15,-34,17
Maastricht,20150207,1,-59,44
Maastricht,20150208,34,21,49
Maastricht,20150209,39,24,53
Maastricht,20150210,46,40,54
Maastricht,20150211,30,-3,67
Maastricht,20150212,29,-19,92
Maastricht,20150213,57,-4,115
Maastricht,20150214,76,53,113
Maastricht,20150215,42,-2,92
Maastricht,20150216,22,-16,76
Maastricht,20150217,28,-11,57
Maastricht,20150218,7,-23,51
Maastricht,20150219,27,-8,67
Maastricht,20150220,55,28,70
Maastricht,20150221,32,8,61
Maastricht,20150222,30,4,67
Maastricht,20150223,42,21,90
Maastricht,20150224,41,16,76
Maastricht,20150225,36,5,59
Maastricht,20150226,66,32,98
Maastricht,20150227,44,-11,79
Maastricht,20150228,42,-14,86
Maastricht,20150301,79,49,109
Maastricht,20150302,50,15,88
Maastricht,20150303,39,15,85
Maastricht,20150304,41,13,77
Maastricht,20150305,45,13,88
Maastricht,20150306,46,9,94
Maastricht,20150307,77,25,143
Maastricht,20150308,106,35,186
Maastricht,20150309,81,54,118
Maastricht,20150310,81,14,129
Maastricht,20150311,36,-18,96
Maastricht,20150312,55,-20,124
Maastricht,20150313,49,0,89
Maastricht,20150314,32,-12,67
Maastricht,20150315,47,21,64
Maastricht,20150316,56,-2,113
Maastricht,20150317,94,6,169
Maastricht,20150318,85,29,159
Maastricht,20150319,57,47,68
Maastricht,20150320,54,27,84
Maastricht,20150321,54,31,88
Maastricht,20150322,38,-3,71
Maastricht,20150323,55,-15,118
Maastricht,20150324,67,18,104
Maastricht,20150325,51,39,64
Maastricht,20150326,52,24,78
Maastricht,20150327,63,35,103
Maastricht,20150328,82,19,117
Maastricht,20150329,99,78,115
Maastricht,20150330,76,56,99
Maastricht,20150331,90,43,120
Maastricht,20150401,62,29,97
Maastricht,20150402,55,7,89
Maastricht,20150403,57,-5,101
Maastricht,20150404,51,17,89
Maastricht,20150405,55,0,105
Maastricht,20150406,49,0,100
Maastricht,20150407,72,0,131
Maastricht,20150408,72,24,113
Maastricht,20150409,120,37,190
Maastricht,20150410,144,42,225
Maastricht,20150411,106,43,139
Maastricht,20150412,107,30,163
Maastricht,20150413,99,66,137
Maastricht,20150414,143,56,217
Maastricht,20150415,170,86,238
Maastricht,20150416,115,61,182
Maastricht,20150417,91,50,138
Maastricht,20150418,81,11,140
Maastricht,20150419,89,18,154
Maastricht,20150420,121,27,190
Maastricht,20150421,125,42,207
Maastricht,20150422,92,28,158
Maastricht,20150423,103,25,166
Maastricht,20150424,147,53,218
Maastricht,20150425,128,103,162
Maastricht,20150426,129,108,157
Maastricht,20150427,85,48,110
Maastricht,20150428,70,7,129
Maastricht,20150429,94,24,142
Maastricht,20150430,80,41,106
Maastricht,20150501,85,29,137
Maastricht,20150502,106,38,154
Maastricht,20150503,139,99,174
Maastricht,20150504,159,122,207
Maastricht,20150505,164,111,225
Maastricht,20150506,120,88,154
Maastricht,20150507,121,82,168
Maastricht,20150508,150,97,198
Maastricht,20150509,153,122,185
Maastricht,20150510,149,97,200
Maastricht,20150511,195,108,263
Maastricht,20150512,163,85,210
Maastricht,20150513,136,73,200
Maastricht,20150514,116,53,167
Maastricht,20150515,122,73,172
Maastricht,20150516,100,52,138
Maastricht,20150517,122,50,184
Maastricht,20150518,130,66,200
Maastricht,20150519,103,73,156
Maastricht,20150520,99,48,152
Maastricht,20150521,118,35,183
Maastricht,20150522,148,86,206
Maastricht,20150523,133,86,198
Maastricht,20150524,140,68,200
Maastricht,20150525,128,94,172
Maastricht,20150526,118,81,165
Maastricht,20150527,138,67,191
Maastricht,20150528,142,97,185
Maastricht,20150529,116,82,168
Maastricht,20150530,112,81,155
Maastricht,20150531,141,85,186
Maastricht,20150601,129,95,174
Maastricht,20150602,160,113,199
Maastricht,20150603,153,100,195
Maastricht,20150604,174,86,239
Maastricht,20150605,239,127,332
Maastricht,20150606,168,110,211
Maastricht,20150607,150,73,212
Maastricht,20150608,136,88,188
Maastricht,20150609,125,77,175
Maastricht,20150610,162,77,228
Maastricht,20150611,196,117,262
Maastricht,20150612,216,146,298
Maastricht,20150613,182,132,231
Maastricht,20150614,173,88,236
Maastricht,20150615,151,115,209
Maastricht,20150616,127,81,182
Maastricht,20150617,166,62,227
Maastricht,20150618,153,100,194
Maastricht,20150619,125,101,156
Maastricht,20150620,134,102,172
Maastricht,20150621,163,122,222
Maastricht,20150622,114,87,135
Maastricht,20150623,129,93,167
Maastricht,20150624,152,114,211
Maastricht,20150625,188,122,240
Maastricht,20150626,212,142,259
Maastricht,20150627,186,128,240
Maastricht,20150628,195,97,254
Maastricht,20150629,203,163,252
Maastricht,20150630,223,127,291
Maastricht,20150701,273,172,349
Maastricht,20150702,280,204,382
Maastricht,20150703,260,189,325
Maastricht,20150704,282,209,350
Maastricht,20150705,214,169,292
Maastricht,20150706,199,133,255
Maastricht,20150707,219,142,299
Maastricht,20150708,158,124,199
Maastricht,20150709,145,84,197
Maastricht,20150710,170,69,244
Maastricht,20150711,217,135,300
Maastricht,20150712,165,135,203
Maastricht,20150713,168,150,183
Maastricht,20150714,181,163,211
Maastricht,20150715,194,149,237
Maastricht,20150716,219,165,286
Maastricht,20150717,260,197,313
Maastricht,20150718,204,165,258
Maastricht,20150719,178,144,220
Maastricht,20150720,193,144,230
Maastricht,20150721,214,184,257
Maastricht,20150722,208,170,251
Maastricht,20150723,180,129,229
Maastricht,20150724,205,138,258
Maastricht,20150725,149,97,197
Maastricht,20150726,150,91,216
Maastricht,20150727,162,135,203
Maastricht,20150728,149,120,176
Maastricht,20150729,148,113,194
Maastricht,20150730,133,94,185
Maastricht,20150731,141,70,202
Maastricht,20150801,176,93,247
Maastricht,20150802,201,96,276
Maastricht,20150803,259,181,338
Maastricht,20150804,177,121,233
Maastricht,20150805,206,105,273
Maastricht,20150806,247,158,324
Maastricht,20150807,224,173,282
Maastricht,20150808,195,158,233
Maastricht,20150809,188,143,218
Maastricht,20150810,193,154,232
Maastricht,20150811,207,142,263
Maastricht,20150812,215,182,260
Maastricht,20150813,234,169,309
Maastricht,20150814,211,169,259
Maastricht,20150815,171,149,208
Maastricht,20150816,148,122,172
Maastricht,20150817,132,121,153
Maastricht,20150818,143,115,192
Maastricht,20150819,167,105,218
Maastricht,20150820,192,108,253
Maastricht,20150821,201,126,269
Maastricht,20150822,208,132,266
Maastricht,20150823,196,157,271
Maastricht,20150824,183,141,238
Maastricht,20150825,166,135,202
Maastricht,20150826,220,165,274
Maastricht,20150827,153,128,209
Maastricht,20150828,156,109,210
Maastricht,20150829,189,101,254
Maastricht,20150830,241,165,312
Maastricht,20150831,228,172,315
Maastricht,20150901,156,111,185
Maastricht,20150902,135,99,191
Maastricht,20150903,131,100,177
Maastricht,20150904,130,97,181
Maastricht,20150905,124,98,167
Maastricht,20150906,119,86,153
Maastricht,20150907,131,108,162
Maastricht,20150908,134,110,158
Maastricht,20150909,146,103,199
Maastricht,20150910,138,87,197
Maastricht,20150911,141,71,200
Maastricht,20150912,165,132,215
Maastricht,20150913,166,117,206
Maastricht,20150914,151,99,199
Maastricht,20150915,134,101,176
Maastricht,20150916,159,120,190
Maastricht,20150917,145,115,173
Maastricht,20150918,144,107,188
Maastricht,20150919,134,113,166
Maastricht,20150920,125,81,172
Maastricht,20150921,132,78,178
Maastricht,20150922,118,85,165
Maastricht,20150923,114,88,132
Maastricht,20150924,133,99,181
Maastricht,20150925,125,77,176
Maastricht,20150926,109,65,166
Maastricht,20150927,105,52,170
Maastricht,20150928,107,49,170
Maastricht,20150929,115,65,174
Maastricht,20150930,113,62,172
Maastricht,20151001,97,42,157
Maastricht,20151002,102,34,176
Maastricht,20151003,119,51,193
Maastricht,20151004,130,94,177
Maastricht,20151005,137,82,167
Maastricht,20151006,163,136,191
Maastricht,20151007,138,116,154
Maastricht,20151008,118,107,133
Maastricht,20151009,114,67,152
Maastricht,20151010,103,56,124
Maastricht,20151011,72,34,125
Maastricht,20151012,55,4,116
Maastricht,20151013,35,9,49
Maastricht,20151014,33,23,40
Maastricht,20151015,36,16,51
Maastricht,20151016,59,42,75
Maastricht,20151017,69,54,87
Maastricht,20151018,77,60,106
Maastricht,20151019,90,77,102
Maastricht,20151020,93,82,114
Maastricht,20151021,95,62,119
Maastricht,20151022,112,92,136
Maastricht,20151023,110,62,137
Maastricht,20151024,114,93,139
Maastricht,20151025,105,67,127
Maastricht,20151026,107,61,159
Maastricht,20151027,126,59,206
Maastricht,20151028,110,79,149
Maastricht,20151029,115,72,156
Maastricht,20151030,99,50,144
Maastricht,20151031,85,28,153
Maastricht,20151101,91,28,173
Maastricht,20151102,79,16,150
Maastricht,20151103,110,21,209
Maastricht,20151104,137,108,175
Maastricht,20151105,143,108,175
Maastricht,20151106,155,138,171
Maastricht,20151107,171,140,188
Maastricht,20151108,149,97,184
Maastricht,20151109,142,122,173
Maastricht,20151110,127,121,137
Maastricht,20151111,116,106,125
Maastricht,20151112,128,108,153
Maastricht,20151113,112,68,134
Maastricht,20151114,85,63,101
Maastricht,20151115,131,101,151
Maastricht,20151116,117,109,126
Maastricht,20151117,140,118,156
Maastricht,20151118,129,112,142
Maastricht,20151119,105,74,130
Maastricht,20151120,74,47,96
Maastricht,20151121,32,17,50
Maastricht,20151122,20,1,49
Maastricht,20151123,16,-10,55
Maastricht,20151124,21,6,33
Maastricht,20151125,52,33,75
Maastricht,20151126,35,5,81
Maastricht,20151127,35,1,72
Maastricht,20151128,57,34,73
Maastricht,20151129,94,62,110
Maastricht,20151130,96,76,113
Maastricht,20151201,106,86,122
Maastricht,20151202,97,74,115
Maastricht,20151203,85,68,115
Maastricht,20151204,79,53,99
Maastricht,20151205,65,49,79
Maastricht,20151206,94,53,118
Maastricht,20151207,112,96,140
Maastricht,20151208,106,83,132
Maastricht,20151209,66,46,96
Maastricht,20151210,44,28,74
Maastricht,20151211,62,36,88
Maastricht,20151212,82,58,100
Maastricht,20151213,76,61,99
Maastricht,20151214,71,41,98
Maastricht,20151215,87,59,112
Maastricht,20151216,113,93,127
Maastricht,20151217,139,117,163
Maastricht,20151218,117,105,139
Maastricht,20151219,123,104,149
Maastricht,20151220,119,103,128
Maastricht,20151221,104,90,115
Maastricht,20151222,117,103,131
Maastricht,20151223,99,71,122
Maastricht,20151224,108,68,143
Maastricht,20151225,99,72,129
Maastricht,20151226,117,94,141
Maastricht,20151227,102,75,135
Maastricht,20151228,90,38,133
Maastricht,20151229,81,50,104
Maastricht,20151230,71,41,101
Maastricht,20151231,78,57,102
